patch,n_notes,n_tracks,snr_db,grade,attack_ms,decay_db_s,level_db,h1_norm,h2_norm,h3_norm,h4_norm,h5_norm,h6_norm,h7_norm,h8_norm,h9_norm,h10_norm,h11_norm,h12_norm,h13_norm,h14_norm,h15_norm,h16_norm,h17_norm,h18_norm,h19_norm,h20_norm,h21_norm,h22_norm,h23_norm,h24_norm
0x00,321,9,35.6,A,45.0,-33.1,54.9,0.8401,1.0000,0.1776,0.9027,0.2895,0.0859,0.3314,0.1792,0.0248,0.1496,0.0211,0.0325,0.0244,0.0543,0.0164,0.0515,0.0383,0.0151,0.0378,0.0242,0.0120,0.0133,0.0086,0.0121
0x01,320,8,48.3,A,105.0,-24.1,54.8,1.0000,0.5258,0.4593,0.6294,0.4094,0.2281,0.0885,0.0562,0.0294,0.0231,0.0162,0.0333,0.0113,0.0132,0.0122,0.0214,0.0093,0.0142,0.0090,0.0168,0.0088,0.0078,0.0072,0.0149
0x02,411,11,34.6,A,85.0,-22.8,50.8,1.0000,0.5195,0.2913,0.3666,0.2308,0.1669,0.0941,0.1293,0.0868,0.0804,0.0423,0.0932,0.0408,0.0443,0.0438,0.0493,0.0324,0.0462,0.0293,0.0381,0.0296,0.0242,0.0190,0.0306
0x03,120,3,35.6,A,25.0,-29.7,49.2,1.0000,0.1828,0.2944,0.3335,0.3103,0.2772,0.1728,0.1441,0.1139,0.0808,0.0596,0.0493,0.0285,0.0255,0.0225,0.0164,0.0121,0.0121,0.0104,0.0081,0.0081,0.0068,0.0058,0.0073
0x04,117,3,35.7,A,95.0,-20.0,56.9,1.0000,0.6634,0.3522,0.4406,0.1749,0.1453,0.1034,0.1720,0.0765,0.1037,0.0578,0.1543,0.0632,0.0789,0.0789,0.0948,0.0531,0.1057,0.0392,0.0609,0.0544,0.0514,0.0761,0.0921
0x06,275,7,28.7,A,35.0,-18.2,48.4,1.0000,0.2756,0.2788,0.2186,0.1869,0.1832,0.1168,0.2136,0.0947,0.0903,0.0624,0.0519,0.0412,0.0343,0.0276,0.0280,0.0222,0.0193,0.0159,0.0146,0.0128,0.0097,0.0075,0.0072
0x07,51,2,36.5,B,30.0,-16.9,47.3,0.7930,0.6342,0.4789,0.7394,0.5875,1.0000,0.1202,0.5528,0.4139,0.5588,0.4278,0.4465,0.0260,0.0620,0.3557,0.6955,0.2549,0.1389,0.0947,0.1887,0.1567,0.1108,0.0692,0.0772
0x08,131,4,31.8,A,55.0,-7.8,47.5,0.9743,0.1304,0.2643,0.0573,1.0000,0.0470,0.2071,0.0470,0.1797,0.0299,0.0491,0.0260,0.0379,0.0146,0.0269,0.0136,0.0186,0.0118,0.0162,0.0080,0.0142,0.0062,0.0085,0.0053
0x09,262,7,34.4,A,30.0,-18.0,48.6,0.5612,1.0000,0.4065,0.8066,0.3494,0.1796,0.2976,0.2197,0.0641,0.2077,0.1305,0.0854,0.1417,0.1007,0.0292,0.0915,0.0545,0.0301,0.0420,0.0173,0.0238,0.0210,0.0255,0.0167
0x0A,91,3,33.3,A,30.0,-19.8,56.3,1.0000,0.4338,0.1649,0.5468,0.1058,0.1330,0.0759,0.1096,0.0565,0.0725,0.0418,0.0662,0.0395,0.0444,0.0343,0.0430,0.0246,0.0325,0.0235,0.0196,0.0159,0.0148,0.0136,0.0141
0x0B,102,3,32.6,A,50.0,-29.1,55.0,0.8584,1.0000,0.1274,0.8524,0.2680,0.0426,0.3167,0.1662,0.0437,0.1318,0.0260,0.0205,0.0233,0.0495,0.0197,0.0422,0.0341,0.0220,0.0396,0.0196,0.0168,0.0140,0.0149,0.0088
0x0C,80,2,29.6,A,45.0,-22.0,47.5,1.0000,0.5685,0.1423,0.0748,0.0770,0.0640,0.0521,0.3193,0.0511,0.0249,0.0358,0.1897,0.0301,0.0128,0.0263,0.0146,0.0119,0.0259,0.0117,0.0083,0.0167,0.0443,0.0092,0.0067
0x0D,51,2,37.2,A,85.0,-21.7,57.0,1.0000,0.5351,0.1824,0.5121,0.1201,0.2732,0.0947,0.4456,0.1607,0.1417,0.0401,0.2687,0.0258,0.0583,0.0220,0.1151,0.0219,0.0766,0.0471,0.0370,0.0205,0.0203,0.0175,0.0837
0x0E,434,14,37.0,A,45.0,-16.3,51.1,1.0000,0.8048,0.4795,0.4617,0.1955,0.1712,0.1712,0.1585,0.1065,0.1105,0.0493,0.0447,0.0410,0.0630,0.0850,0.0467,0.0218,0.0250,0.0463,0.0257,0.0114,0.0109,0.0072,0.0082
0x0F,22,1,31.4,B,42.5,-40.8,52.9,1.0000,0.7165,0.2423,0.3022,0.3393,0.1257,0.2142,0.5383,0.5233,0.3645,0.0535,0.0769,0.0921,0.1305,0.1732,0.0851,0.1300,0.1144,0.1889,0.1790,0.0833,0.1759,0.1291,0.0739
0x10,91,3,38.7,A,55.0,-13.9,56.5,1.0000,0.7235,0.6718,0.4891,0.1736,0.1826,0.0897,0.1762,0.0801,0.1422,0.0939,0.1124,0.0689,0.1233,0.0879,0.1051,0.1083,0.1040,0.0525,0.0898,0.0728,0.0429,0.0878,0.0959
0x11,102,3,33.4,A,40.0,-11.6,56.4,1.0000,0.9928,0.2559,0.3938,0.1710,0.1930,0.0851,0.1987,0.0726,0.1525,0.0740,0.1214,0.0491,0.1315,0.0536,0.0891,0.0867,0.0924,0.0329,0.0776,0.0333,0.0471,0.0515,0.0628
0x12,62,2,32.7,A,55.0,-25.2,43.8,1.0000,0.4015,0.3348,0.1506,0.2157,0.1767,0.1888,0.1189,0.1582,0.0776,0.0994,0.0571,0.0764,0.0278,0.0943,0.0324,0.0615,0.0352,0.0541,0.0301,0.0507,0.0244,0.0469,0.0338
0x13,62,2,27.9,B,42.5,-18.3,46.0,0.5446,0.3793,1.0000,0.8246,0.4164,0.5137,0.3647,0.3308,0.4861,0.4378,0.1555,0.3612,0.2470,0.1361,0.4016,0.5046,0.1392,0.1982,0.0703,0.1171,0.1280,0.1201,0.0674,0.1082
0x14,22,1,33.8,B,35.0,-26.7,51.4,1.0000,0.6801,0.2571,0.3984,0.2424,0.4142,0.3513,0.8705,0.6631,0.3557,0.1074,0.0648,0.0586,0.0307,0.0290,0.0759,0.0464,0.0749,0.0333,0.0591,0.0826,0.0424,0.0355,0.0513
0x15,174,5,34.0,A,45.0,-27.7,48.5,1.0000,0.6025,0.5912,0.6806,0.3388,0.4402,0.4493,0.2219,0.3038,0.3225,0.1281,0.1665,0.1827,0.0978,0.1055,0.1302,0.0616,0.0715,0.0683,0.0365,0.0416,0.0430,0.0223,0.0291
0x16,22,1,30.1,B,30.0,-26.3,52.1,1.0000,0.7951,0.2048,0.4089,0.3253,0.3712,0.3513,0.7656,0.5691,0.2870,0.1036,0.0769,0.1060,0.0553,0.0909,0.0655,0.0446,0.1245,0.0303,0.0973,0.0281,0.0885,0.0432,0.0414
0x17,102,3,35.3,A,25.0,-18.5,49.8,1.0000,0.7592,0.2770,0.2187,0.0653,0.1483,0.0170,0.0539,0.0221,0.0203,0.0138,0.0105,0.0070,0.0068,0.0064,0.0120,0.0047,0.0051,0.0037,0.0027,0.0034,0.0020,0.0018,0.0023
0x18,160,4,28.4,A,25.0,-20.4,48.9,1.0000,0.3486,0.2879,0.3960,0.1271,0.1999,0.3394,0.1343,0.1838,0.2948,0.1184,0.1444,0.2167,0.0980,0.0888,0.1545,0.0752,0.0657,0.0935,0.0471,0.0416,0.0558,0.0332,0.0328
0x19,22,1,35.3,B,42.5,-45.4,56.9,1.0000,0.7870,0.1390,0.6768,0.1908,0.3540,0.1955,0.4127,0.2179,0.0803,0.0449,0.1062,0.0253,0.0206,0.0267,0.1026,0.0369,0.0754,0.0294,0.0719,0.0225,0.0379,0.0169,0.1030
0x1A,182,5,40.6,A,50.0,-19.8,56.9,1.0000,0.7534,0.5028,0.4390,0.2214,0.0950,0.0524,0.0334,0.0270,0.0153,0.0134,0.0127,0.0089,0.0078,0.0080,0.0073,0.0065,0.0053,0.0041,0.0032,0.0024,0.0025,0.0022,0.0020
0x1C,22,1,29.2,B,55.0,-31.7,53.5,0.6751,1.0000,0.3569,0.2788,0.2526,0.4336,0.3231,0.6337,0.4691,0.2580,0.2386,0.1244,0.0322,0.0514,0.0576,0.1496,0.0661,0.1022,0.0750,0.0553,0.0976,0.0626,0.0737,0.1051
0x1E,80,2,54.4,A,32.5,-22.3,62.1,0.7272,1.0000,0.1810,0.1236,0.0552,0.0703,0.0322,0.0586,0.0363,0.0120,0.0076,0.0061,0.0035,0.0031,0.0032,0.0027,0.0026,0.0031,0.0018,0.0025,0.0018,0.0025,0.0024,0.0037
0x1F,40,1,37.7,B,65.0,-51.4,53.3,1.0000,0.7340,0.2116,0.3833,0.2466,0.3231,0.3492,0.6942,0.5630,0.2785,0.1010,0.0787,0.0751,0.0649,0.0626,0.0801,0.0332,0.0941,0.0394,0.0478,0.0362,0.0643,0.0309,0.0475
0x20,39,1,23.1,B,35.0,-69.0,41.4,1.0000,0.2561,0.3020,0.2064,0.1566,0.1485,0.0976,0.2103,0.0832,0.0730,0.0631,0.0645,0.0341,0.0279,0.0321,0.0318,0.0186,0.0166,0.0185,0.0095,0.0158,0.0070,0.0073,0.0043
0x22,446,12,42.3,A,55.0,-10.9,57.4,0.9238,1.0000,0.5104,0.5380,0.1937,0.1140,0.0704,0.1192,0.0525,0.0488,0.0420,0.0849,0.0337,0.0305,0.0470,0.0614,0.0302,0.0352,0.0311,0.0398,0.0279,0.0157,0.0291,0.0499
0x23,80,2,20.0,B,42.5,-30.1,45.2,0.4307,0.6628,1.0000,0.3443,0.1646,0.2486,0.1480,0.1133,0.5962,0.1720,0.1129,0.1010,0.0947,0.1263,0.6213,0.1210,0.0842,0.1438,0.0495,0.0997,0.2420,0.1454,0.0837,0.0687
0x24,112,3,22.1,A,60.0,-6.5,36.3,0.9220,1.0000,0.6347,0.2224,0.1822,0.1778,0.0852,0.0788,0.2337,0.0758,0.0544,0.0508,0.0379,0.0479,0.2137,0.0465,0.0412,0.0667,0.0322,0.0459,0.1464,0.0364,0.0208,0.0329
0x25,80,2,42.9,A,90.0,-16.0,58.9,1.0000,0.2075,0.1692,0.0889,0.0286,0.0270,0.0181,0.0181,0.0120,0.0069,0.0058,0.0066,0.0051,0.0044,0.0039,0.0029,0.0026,0.0020,0.0023,0.0019,0.0013,0.0014,0.0013,0.0012
0x28,40,1,36.9,B,10.0,-24.4,56.6,0.6213,1.0000,0.3571,0.1429,0.0336,0.1909,0.0384,0.1135,0.0362,0.0175,0.0123,0.0701,0.0143,0.0118,0.0351,0.0174,0.0186,0.0319,0.0209,0.0189,0.0116,0.0163,0.0121,0.0346
0x2A,238,6,37.4,A,45.0,-12.2,54.6,0.2587,0.1429,0.1341,1.0000,0.0780,0.0811,0.0444,0.1069,0.0530,0.0390,0.0273,0.2375,0.0289,0.0294,0.0261,0.0555,0.0194,0.0282,0.0223,0.0900,0.0196,0.0129,0.0103,0.0191
0x2D,120,3,37.3,A,37.5,-19.2,53.4,1.0000,0.8681,0.3864,0.1502,0.0555,0.2056,0.0539,0.0966,0.0361,0.0114,0.0121,0.0114,0.0098,0.0067,0.0071,0.0061,0.0034,0.0040,0.0040,0.0032,0.0018,0.0014,0.0015,0.0015
0x2E,40,1,24.9,B,90.0,-30.4,48.2,1.0000,0.3681,0.3535,0.7369,0.2138,0.3244,0.1541,0.6777,0.2519,0.1375,0.0963,0.2362,0.0585,0.0892,0.0640,0.1157,0.0356,0.0658,0.0433,0.0668,0.0305,0.0265,0.0199,0.0638
0x2F,25,1,47.9,B,20.0,-7.4,54.3,1.0000,0.8599,0.1726,0.1856,0.0976,0.1355,0.1444,0.0742,0.0907,0.1105,0.0609,0.0726,0.0810,0.0474,0.0499,0.0643,0.0281,0.0481,0.0476,0.0224,0.0284,0.0391,0.0164,0.0243
0x30,120,3,38.2,A,80.0,-18.1,55.5,1.0000,0.2978,0.3905,0.2432,0.2255,0.2060,0.0208,0.0361,0.1134,0.0417,0.0412,0.0641,0.0374,0.0230,0.0301,0.0218,0.0156,0.0109,0.0145,0.0081,0.0052,0.0059,0.0048,0.0045
0x32,149,4,16.6,A,40.0,-35.7,30.4,1.0000,0.3486,0.2072,0.2074,0.1446,0.1520,0.0819,0.0887,0.0504,0.0439,0.0211,0.0199,0.0202,0.0128,0.0112,0.0056,0.0058,0.0039,0.0030,0.0028,0.0000,0.0000,0.0000,0.0000
0x33,40,1,35.7,B,27.5,-10.5,45.4,0.8702,1.0000,0.1436,0.0589,0.0158,0.0213,0.0055,0.0109,0.0078,0.0045,0.0053,0.0043,0.0025,0.0020,0.0014,0.0010,0.0010,0.0007,0.0006,0.0009,0.0005,0.0006,0.0003,0.0003
0x35,80,2,35.3,A,47.5,-1.5,54.7,1.0000,0.5639,0.3721,0.5744,0.3319,0.2348,0.2393,0.2534,0.0996,0.2556,0.1529,0.1123,0.1497,0.1295,0.0681,0.1089,0.0957,0.0538,0.0404,0.0342,0.0749,0.0361,0.0408,0.0261
0x39,20,1,51.9,B,77.5,-21.3,65.2,1.0000,0.1596,0.2576,0.0488,0.0966,0.0622,0.0364,0.0548,0.0131,0.0430,0.0076,0.0431,0.0062,0.0346,0.0047,0.0231,0.0062,0.0213,0.0032,0.0268,0.0047,0.0188,0.0039,0.0098
0x3A,60,2,34.1,A,67.5,-4.7,52.0,1.0000,0.9205,0.2266,0.6402,0.3500,0.4074,0.2827,0.3983,0.1072,0.2136,0.0942,0.2244,0.0622,0.1287,0.0539,0.0903,0.0412,0.0969,0.0160,0.0672,0.0330,0.0530,0.0172,0.0485
0x3C,39,1,30.4,B,105.0,0.0,44.4,1.0000,0.3298,0.2204,0.1939,0.4109,0.6055,0.1836,0.5834,0.1243,0.4442,0.1971,0.3099,0.1333,0.1348,0.1090,0.2942,0.1020,0.3947,0.0914,0.4332,0.0584,0.5499,0.1532,0.3136
0x3D,120,3,45.8,A,30.0,-12.9,52.2,1.0000,0.3805,0.1193,0.1002,0.0281,0.0858,0.0180,0.0741,0.0497,0.0249,0.0084,0.0635,0.0070,0.0175,0.0163,0.0230,0.0058,0.0188,0.0107,0.0171,0.0101,0.0079,0.0037,0.0148
0x40,58,2,43.3,A,25.0,-15.5,57.5,0.1461,1.0000,0.0904,0.3612,0.0490,0.1600,0.0390,0.1953,0.0419,0.1664,0.0098,0.1816,0.0106,0.0566,0.0158,0.1241,0.0104,0.0606,0.0096,0.0422,0.0087,0.0166,0.0035,0.0131
0x41,80,2,33.1,A,22.5,-25.8,48.0,1.0000,0.2772,0.1678,0.1148,0.1042,0.0833,0.0750,0.0672,0.0591,0.0442,0.0366,0.0335,0.0296,0.0247,0.0199,0.0119,0.0119,0.0106,0.0071,0.0065,0.0054,0.0036,0.0024,0.0025
0x42,40,1,28.1,B,67.5,-0.9,40.5,0.7612,1.0000,0.7137,0.4544,0.2844,0.1339,0.0820,0.0538,0.0397,0.0285,0.0350,0.0302,0.0162,0.0220,0.0180,0.0104,0.0123,0.0108,0.0080,0.0100,0.0085,0.0055,0.0039,0.0062
0x43,136,4,47.3,A,60.0,-5.3,55.0,0.4270,0.3099,0.2036,0.2957,0.1155,0.1544,0.0671,1.0000,0.0658,0.0460,0.0361,0.0792,0.0232,0.0205,0.0313,0.3641,0.0235,0.0279,0.0220,0.1230,0.0151,0.0085,0.0101,0.1602
0x44,161,7,33.1,B,20.0,-16.9,53.0,1.0000,0.5240,0.4009,0.2828,0.1613,0.1773,0.1615,0.2855,0.1355,0.2066,0.1286,0.3624,0.2052,0.0816,0.2716,0.1748,0.1726,0.1107,0.0740,0.0488,0.0352,0.0169,0.0180,0.0199
0x45,40,1,34.1,B,72.5,-16.9,44.8,0.8751,0.7490,0.4000,1.0000,0.5801,0.3061,0.3350,0.2641,0.2397,0.1946,0.3573,0.3433,0.3245,0.1655,0.1619,0.1892,0.0995,0.1431,0.1102,0.1656,0.0800,0.0765,0.0536,0.0427
0x46,40,1,32.0,B,15.0,-15.6,51.7,0.9559,0.4977,0.5437,0.2833,0.1599,0.4632,0.2298,0.4288,0.1357,0.4375,0.3014,0.9267,0.5918,0.4442,1.0000,0.8106,0.5931,0.3065,0.1335,0.1160,0.0623,0.0330,0.0310,0.1048
0x49,80,2,30.2,A,35.0,-17.0,51.6,1.0000,0.9314,0.2168,0.1303,0.1423,0.1064,0.0453,0.6576,0.0627,0.0708,0.0355,0.1989,0.0301,0.0471,0.0560,0.0509,0.0318,0.0827,0.0169,0.0209,0.0135,0.0289,0.0136,0.0139
0x4A,40,1,41.4,B,15.0,-9.1,58.7,0.0337,0.2778,0.0162,1.0000,0.0122,0.3132,0.0071,0.0083,0.0080,0.7020,0.0075,0.3047,0.0099,0.1841,0.0090,0.0128,0.0135,0.0779,0.0100,0.0482,0.0076,0.0123,0.0080,0.0099
0x4B,80,2,50.1,A,40.0,-18.2,55.9,1.0000,0.3746,0.0379,0.0209,0.0144,0.0120,0.0079,0.0106,0.0094,0.0147,0.0041,0.0055,0.0032,0.0037,0.0037,0.0035,0.0042,0.0075,0.0036,0.0049,0.0033,0.0030,0.0029,0.0078
0x4C,10,3,48.3,C,70.0,-8.9,59.8,1.0000,0.5116,0.3941,0.5471,0.1476,0.2333,0.1290,0.4758,0.1027,0.1490,0.1364,0.1727,0.1090,0.1316,0.0472,0.2560,0.0457,0.1865,0.1001,0.1843,0.2211,0.0982,0.2535,0.1621
0x4D,40,1,42.9,B,22.5,-18.5,49.3,1.0000,0.2347,0.1978,0.3120,0.2746,0.0882,0.0998,0.0903,0.0542,0.0389,0.0311,0.0215,0.0159,0.0167,0.0101,0.0095,0.0100,0.0079,0.0082,0.0030,0.0060,0.0060,0.0047,0.0028
0x4F,80,2,51.2,A,70.0,-7.6,56.5,1.0000,0.5335,0.2275,0.2836,0.9385,0.3809,0.1873,0.4215,0.1180,0.1399,0.0642,0.0980,0.0282,0.0643,0.0265,0.1464,0.0113,0.0398,0.0110,0.0557,0.0088,0.0136,0.0058,0.0225
0x50,80,2,39.7,A,50.0,-23.4,57.7,1.0000,0.2263,0.3142,0.2858,0.2816,0.0602,0.1685,0.0528,0.0769,0.0908,0.0837,0.0464,0.0429,0.0160,0.0168,0.0232,0.0277,0.0288,0.0115,0.0120,0.0084,0.0112,0.0098,0.0086
0x52,20,1,40.2,B,82.5,-11.8,59.9,1.0000,0.3480,0.3087,0.5743,0.0904,0.3987,0.2816,0.3368,0.2360,0.2443,0.1888,0.1793,0.1176,0.0703,0.0873,0.1282,0.0513,0.0827,0.0640,0.0658,0.0402,0.0846,0.0381,0.0930
0x53,39,1,41.5,B,90.0,-28.4,59.1,0.0740,1.0000,0.0734,0.5856,0.0190,0.2741,0.0116,0.3782,0.0164,0.0772,0.0136,0.2697,0.0072,0.2317,0.0257,0.2636,0.0063,0.2360,0.0105,0.1665,0.0117,0.2273,0.0066,0.1582
0x54,120,3,20.3,B,30.0,-33.2,37.2,0.5878,0.7103,0.5858,0.6828,1.0000,0.5336,0.2657,0.3920,0.5373,0.6385,0.3513,0.0795,0.0857,0.0500,0.0817,0.0429,0.0450,0.0222,0.0724,0.0350,0.0371,0.0113,0.0185,0.0098
0x56,40,1,58.3,B,20.0,-0.5,56.6,1.0000,0.5971,0.2408,0.7302,0.9831,0.4602,0.2099,0.9176,0.1250,0.2341,0.0596,0.4102,0.0268,0.1206,0.0091,0.2433,0.0074,0.0549,0.0042,0.0775,0.0038,0.0188,0.0038,0.0246
0x57,40,1,68.4,B,37.5,-12.7,58.1,1.0000,0.1785,0.0129,0.0081,0.0028,0.0030,0.0010,0.0013,0.0012,0.0010,0.0020,0.0008,0.0007,0.0006,0.0005,0.0005,0.0005,0.0004,0.0005,0.0004,0.0004,0.0003,0.0003,0.0003
0x59,75,2,39.4,A,20.0,-20.2,50.9,0.1897,1.0000,0.3843,0.5109,0.1530,0.3808,0.0372,0.7131,0.0349,0.3195,0.0146,0.3465,0.0138,0.2386,0.0148,0.4214,0.0119,0.4618,0.0168,0.3065,0.0107,0.0692,0.0094,0.1788
0x5A,120,3,42.5,A,60.0,-14.4,57.5,0.9133,1.0000,0.5768,0.3726,0.1893,0.1649,0.1187,0.1218,0.0843,0.0688,0.0502,0.0571,0.0348,0.0324,0.0331,0.0395,0.0323,0.0364,0.0374,0.0355,0.0335,0.0348,0.0335,0.0336
0x5B,160,4,39.3,A,65.0,-11.8,55.6,1.0000,0.4063,0.1932,0.1137,0.0721,0.0513,0.0312,0.0391,0.0254,0.0264,0.0239,0.0294,0.0207,0.0174,0.0175,0.0105,0.0142,0.0106,0.0126,0.0108,0.0115,0.0121,0.0093,0.0092
0x5C,160,4,40.1,A,20.0,-14.2,44.6,1.0000,0.2020,0.2121,0.1365,0.1302,0.0935,0.0642,0.0601,0.0383,0.0372,0.0217,0.0219,0.0179,0.0163,0.0144,0.0109,0.0099,0.0100,0.0093,0.0055,0.0056,0.0055,0.0042,0.0029
0x5F,120,3,31.7,A,45.0,-47.2,47.2,1.0000,0.3514,0.2461,0.1418,0.1097,0.1098,0.0893,0.0606,0.0564,0.0668,0.0398,0.0520,0.0361,0.0481,0.0377,0.0279,0.0293,0.0385,0.0225,0.0193,0.0238,0.0222,0.0192,0.0239
0x61,40,1,24.2,B,105.0,0.0,43.3,1.0000,0.4805,0.1895,0.1437,0.0934,0.1127,0.0541,0.0984,0.0644,0.0505,0.0565,0.0585,0.0967,0.0389,0.0399,0.0378,0.0578,0.0353,0.0351,0.0477,0.0327,0.0296,0.0336,0.0254
0x63,340,9,35.2,A,40.0,-20.3,55.7,0.5443,0.3914,0.2006,1.0000,0.1184,0.1394,0.0881,0.8039,0.0896,0.0776,0.0398,0.2529,0.0391,0.0459,0.0391,0.2374,0.0408,0.0393,0.0308,0.1510,0.0265,0.0255,0.0251,0.1255
0x64,80,2,48.9,A,82.5,-7.7,55.1,0.2483,0.3543,0.0846,1.0000,0.0262,0.2032,0.0164,0.4045,0.0427,0.1034,0.0072,0.2600,0.0051,0.0598,0.0060,0.1627,0.0052,0.0509,0.0064,0.1265,0.0042,0.0261,0.0042,0.0875
0x65,120,3,36.5,A,95.0,-31.0,49.8,0.4927,1.0000,0.1543,0.1490,0.0558,0.3128,0.0312,0.1814,0.0322,0.0850,0.0153,0.0746,0.0140,0.0713,0.0186,0.0621,0.0128,0.0622,0.0154,0.0570,0.0103,0.0479,0.0108,0.0488
0x66,80,2,31.5,A,55.0,-30.7,48.6,0.5617,0.6002,0.1860,0.5020,0.1107,0.9244,0.0752,1.0000,0.0876,0.5697,0.0631,0.1772,0.0451,0.0820,0.0461,0.1116,0.0381,0.0626,0.0367,0.0551,0.0468,0.0537,0.0246,0.0540
0x67,40,1,26.5,B,25.0,-27.6,45.7,0.4627,1.0000,0.5617,0.4620,0.0371,0.1154,0.0088,0.0371,0.0059,0.0099,0.0011,0.0000,0.0000,0.0000,0.0000,0.0000,0.0000,0.0000,0.0000,0.0000,0.0000,0.0000,0.0000,0.0000
0x68,80,2,49.4,A,52.5,-19.1,57.2,1.0000,0.3104,0.1988,0.2167,0.2138,0.1661,0.1244,0.0919,0.0883,0.0616,0.0300,0.0756,0.0140,0.0152,0.0250,0.0167,0.0063,0.0163,0.0061,0.0092,0.0123,0.0047,0.0035,0.0271
0x6A,40,1,34.0,B,77.5,-7.8,49.6,0.5565,1.0000,0.7068,0.3258,0.2407,0.2932,0.2286,0.1180,0.1687,0.1537,0.0500,0.1295,0.0520,0.0944,0.0819,0.0966,0.0243,0.1128,0.0343,0.0290,0.0305,0.0266,0.0145,0.0233
0x6B,40,1,41.9,B,55.0,-24.0,53.2,0.5613,1.0000,0.5650,0.7752,0.1488,0.8233,0.1692,0.2790,0.5648,0.1884,0.1969,0.1340,0.2571,0.0567,0.1050,0.1471,0.2007,0.0365,0.1734,0.1120,0.1428,0.0226,0.0412,0.0730
0x6C,120,3,38.1,A,45.0,-19.0,54.1,1.0000,0.7968,0.4987,0.4212,0.1694,0.1867,0.1033,0.1550,0.1685,0.0520,0.0621,0.0658,0.0563,0.0441,0.0607,0.0620,0.0352,0.0219,0.0976,0.0310,0.0434,0.0198,0.0186,0.0255
0x6D,181,5,37.6,A,40.0,-20.8,56.2,0.2406,0.1585,0.0965,1.0000,0.0467,0.0764,0.0400,0.8255,0.0249,0.0291,0.0172,0.2429,0.0139,0.0173,0.0151,0.0680,0.0144,0.0169,0.0228,0.0302,0.0130,0.0128,0.0124,0.0303
0x6E,40,1,26.3,B,60.0,-9.6,43.2,1.0000,0.4853,0.3437,0.1120,0.1709,0.2302,0.2542,0.1470,0.1792,0.1220,0.0700,0.1388,0.1131,0.1627,0.1039,0.1211,0.0646,0.0815,0.0403,0.0362,0.0431,0.0321,0.0330,0.0402
0x72,178,5,27.3,A,57.5,-18.2,46.9,1.0000,0.2348,0.2770,0.1701,0.1484,0.1814,0.1401,0.1603,0.1219,0.0783,0.0692,0.0759,0.0510,0.0629,0.0512,0.0514,0.0388,0.0634,0.0365,0.0382,0.0393,0.0422,0.0393,0.0325
0x73,120,3,38.2,A,100.0,0.0,46.3,0.8431,1.0000,0.4587,0.4667,0.1803,0.1030,0.0459,0.0567,0.0430,0.0512,0.0257,0.0402,0.0305,0.0429,0.0302,0.0466,0.0305,0.0359,0.0252,0.0265,0.0240,0.0236,0.0196,0.0217
0x74,96,3,42.2,A,17.5,-13.2,54.2,1.0000,0.9455,0.2725,0.1195,0.0241,0.0236,0.0254,0.0344,0.0217,0.0122,0.0069,0.0120,0.0050,0.0102,0.0067,0.0072,0.0048,0.0043,0.0036,0.0050,0.0053,0.0048,0.0037,0.0047
0x75,40,1,27.6,B,40.0,-12.9,44.8,0.8673,1.0000,0.8355,0.2367,0.1792,0.1465,0.0602,0.0493,0.0480,0.0446,0.0244,0.0508,0.0257,0.0247,0.0426,0.0382,0.0244,0.0225,0.0230,0.0197,0.0126,0.0142,0.0135,0.0118
0x76,40,1,24.7,B,60.0,-31.0,42.8,0.8073,1.0000,0.5828,0.5728,0.2243,0.3933,0.2740,0.2629,0.1902,0.1662,0.1959,0.2118,0.0660,0.1533,0.1266,0.1091,0.1267,0.1315,0.1184,0.1761,0.1172,0.1312,0.0991,0.1082
0x77,140,4,42.5,A,70.0,-12.3,51.7,1.0000,0.3267,0.1563,0.0623,0.0568,0.0528,0.0299,0.0347,0.0347,0.0219,0.0225,0.0291,0.0150,0.0158,0.0180,0.0134,0.0118,0.0138,0.0111,0.0117,0.0112,0.0116,0.0124,0.0099
0x78,8,1,19.3,C,110.0,-8.7,38.5,1.0000,0.2923,0.6159,0.1507,0.1200,0.2090,0.1454,0.1976,0.2143,0.1750,0.1237,0.0857,0.1698,0.1515,0.1421,0.0801,0.0988,0.0697,0.0610,0.1075,0.1314,0.0962,0.1592,0.0248
0x79,120,3,34.7,A,62.5,-52.7,47.1,1.0000,0.2717,0.1161,0.0720,0.0361,0.0513,0.0245,0.0421,0.0271,0.0187,0.0156,0.0390,0.0158,0.0136,0.0148,0.0168,0.0102,0.0162,0.0111,0.0106,0.0107,0.0090,0.0099,0.0236
0x7A,40,1,35.3,B,75.0,-9.7,43.0,1.0000,0.3767,0.1742,0.0707,0.0552,0.0386,0.0432,0.0416,0.0332,0.0251,0.0195,0.0160,0.0203,0.0166,0.0159,0.0139,0.0159,0.0115,0.0130,0.0087,0.0122,0.0136,0.0164,0.0123
0x7C,8,1,34.2,C,25.0,-13.9,53.2,1.0000,0.0868,0.1254,0.0659,0.0723,0.0535,0.0469,0.0342,0.0487,0.1020,0.0386,0.0284,0.0407,0.0603,0.0271,0.0507,0.0654,0.0472,0.0222,0.0450,0.0242,0.0534,0.0273,0.0400
0x7D,40,1,44.3,B,40.0,-28.0,49.5,0.4817,0.3166,0.2661,1.0000,0.0968,0.0221,0.0150,0.0134,0.0274,0.0387,0.0476,0.0472,0.0613,0.0535,0.0504,0.0391,0.0305,0.0229,0.0144,0.0138,0.0101,0.0105,0.0166,0.0148
0x7E,40,1,41.0,B,45.0,-50.3,50.4,1.0000,0.2857,0.1817,0.1452,0.0475,0.0357,0.0332,0.0367,0.0250,0.0209,0.0133,0.0131,0.0126,0.0092,0.0089,0.0109,0.0086,0.0105,0.0085,0.0079,0.0061,0.0073,0.0100,0.0065
0x7F,40,1,31.2,B,100.0,-9.1,41.3,1.0000,0.4929,0.2585,0.1982,0.1512,0.1740,0.1910,0.1958,0.1625,0.1290,0.1004,0.0723,0.0646,0.0436,0.0309,0.0226,0.0174,0.0133,0.0110,0.0066,0.0058,0.0052,0.0044,0.0037
0x80,40,1,47.9,B,30.0,-7.9,53.4,0.5080,1.0000,0.7076,0.3924,0.4674,0.5033,0.2580,0.2289,0.3890,0.0908,0.1491,0.1885,0.1970,0.0662,0.0622,0.1332,0.0763,0.0066,0.1256,0.0617,0.0230,0.0147,0.0104,0.0278
0x81,40,1,35.4,B,147.5,0.0,51.0,1.0000,0.1252,0.7594,0.1302,0.4755,0.0816,0.7306,0.5450,0.0696,0.0322,0.1934,0.3164,0.0259,0.0480,0.0688,0.0181,0.0481,0.0342,0.0138,0.0315,0.0257,0.0183,0.0133,0.0120
0x83,40,1,34.6,B,55.0,-7.7,48.0,0.5610,1.0000,0.5188,0.3843,0.1504,0.1542,0.1072,0.1024,0.2531,0.1221,0.1147,0.1187,0.1049,0.1090,0.2250,0.0573,0.0506,0.0390,0.0193,0.0362,0.0802,0.0397,0.0189,0.0293
0x84,40,1,32.4,B,85.0,-51.9,48.9,0.7139,1.0000,0.6955,0.7480,0.4102,0.5223,0.5948,0.2072,0.3095,0.4192,0.1742,0.1917,0.2503,0.1615,0.1412,0.1469,0.0720,0.0714,0.0818,0.0535,0.0496,0.0535,0.0171,0.0278
0x85,40,1,42.3,B,12.5,-21.3,56.8,0.3409,0.2191,0.0478,1.0000,0.0709,0.1257,0.0511,0.9147,0.0179,0.0258,0.0151,0.1236,0.0094,0.0516,0.0058,0.2689,0.0090,0.0166,0.0097,0.0248,0.0111,0.0129,0.0052,0.0847
0x86,80,2,41.2,A,75.0,-27.0,56.9,0.8342,1.0000,0.4885,0.2573,0.2038,0.1545,0.1024,0.0962,0.0653,0.0583,0.0483,0.0623,0.0380,0.0287,0.0322,0.0455,0.0268,0.0410,0.0340,0.0286,0.0295,0.0274,0.0302,0.0326
